{"eMBB": {"numeric": {"X": {"min": 23241.0, "max": 670244.0}, "Seq": {"min": 54.0, "max": 33466.0}, "Dur": {"min": 0.172976, "max": 4.999976}, "RunTime": {"min": 0.172976, "max": 4.999976}, "Mean": {"min": 0.172976, "max": 4.999976}, "Sum": {"min": 0.172976, "max": 4.999976}, "Min": {"min": 0.172976, "max": 4.999976}, "Max": {"min": 0.172976, "max": 4.999976}, "sTtl": {"min": 63, "max": 64}, "dTtl": {"min": 52, "max": 117}, "sHops": {"min": 0, "max": 1}, "dHops": {"min": 1, "max": 12}, "TotPkts": {"min": 17.0, "max": 854.0}, "SrcPkts": {"min": 7.0, "max": 423.0}, "DstPkts": {"min": 7.0, "max": 593.0}, "TotBytes": {"min": 3296.0, "max": 876117.0}, "SrcBytes": {"min": 474.0, "max": 83532.0}, "DstBytes": {"min": 1273.0, "max": 858980.0}, "Offset": {"min": 9136.0, "max": 17341592.0}, "sMeanPktSz": {"min": 67.199997, "max": 528.683533}, "dMeanPktSz": {"min": 90.928574, "max": 1453.939941}, "Load": {"min": 33390.47656, "max": 3120230.25}, "SrcLoad": {"min": 5602.255859, "max": 200808.3438}, "DstLoad": {"min": 18667.29297, "max": 2934929.0}, "Loss": {"min": 1.0, "max": 2.0}, "SrcLoss": {"min": 0.0, "max": 1.0}, "DstLoss": {"min": 0.0, "max": 2.0}, "pLoss": {"min": 0.116959, "max": 5.555556}, "SrcGap": {"min": 0, "max": 0}, "DstGap": {"min": 0, "max": 0}, "Rate": {"min": 20.816641, "max": 433.703094}, "SrcRate": {"min": 4.908726, "max": 169.123459}, "DstRate": {"min": 11.307492, "max": 263.542084}, "SrcWin": {"min": 180, "max": 1472000}, "DstWin": {"min": 438, "max": 268544}, "SrcTCPBase": {"min": 97975463, "max": 4272474577}, "DstTCPBase": {"min": 93723693, "max": 4287946029}, "TcpRtt": {"min": 0.0, "max": 0.069788}, "SynAck": {"min": 0.0, "max": 0.056029}, "AckDat": {"min": 0.0, "max": 0.037899}}, "categorical": {"Proto": {"categories": ["tcp"]}, "State": {"categories": ["CON"]}, "Cause": {"categories": ["Start", "Status"]}, "sTos": {"categories": ["0"]}, "dTos": {"categories": ["0"]}, "sDSb": {"categories": ["cs0"]}, "dDSb": {"categories": ["cs0"]}}}, "mMTC": {"numeric": {"X": {"min": 2132.0, "max": 728300.0}, "Seq": {"min": 1.0, "max": 136226.0}, "Dur": {"min": 0.064704, "max": 4.999586}, "RunTime": {"min": 0.064704, "max": 4.999586}, "Mean": {"min": 0.064704, "max": 4.999586}, "Sum": {"min": 0.064704, "max": 4.999586}, "Min": {"min": 0.064704, "max": 4.999586}, "Max": {"min": 0.064704, "max": 4.999586}, "sTtl": {"min": 52, "max": 117}, "dTtl": {"min": 47.0, "max": 117.0}, "sHops": {"min": 0, "max": 14}, "dHops": {"min": 0.0, "max": 17.0}, "TotPkts": {"min": 2.0, "max": 441.0}, "SrcPkts": {"min": 1.0, "max": 193.0}, "DstPkts": {"min": 0.0, "max": 248.0}, "TotBytes": {"min": 140.0, "max": 366544.0}, "SrcBytes": {"min": 66.0, "max": 24449.0}, "DstBytes": {"min": 0.0, "max": 342095.0}, "Offset": {"min": 9656.0, "max": 39474860.0}, "sMeanPktSz": {"min": 54.0, "max": 732.0}, "dMeanPktSz": {"min": 0.0, "max": 1445.101685}, "Load": {"min": 0.0, "max": 3029627.0}, "SrcLoad": {"min": 0.0, "max": 337537.0938}, "DstLoad": {"min": 0.0, "max": 2827759.25}, "Loss": {"min": 1.0, "max": 24.0}, "SrcLoss": {"min": 0.0, "max": 12.0}, "DstLoss": {"min": 0.0, "max": 12.0}, "pLoss": {"min": 0.840336, "max": 50.0}, "SrcGap": {"min": 0, "max": 0}, "DstGap": {"min": 0, "max": 0}, "Rate": {"min": 2.426931, "max": 479.104828}, "SrcRate": {"min": 0.0, "max": 231.824921}, "DstRate": {"min": 0.0, "max": 256.24588}, "SrcWin": {"min": 144, "max": 33553920}, "DstWin": {"min": 134.0, "max": 8340480.0}, "SrcTCPBase": {"min": 23992569, "max": 4286722792}, "DstTCPBase": {"min": 3609927.0, "max": 4291264145.0}, "TcpRtt": {"min": 0.0, "max": 1.051236}, "SynAck": {"min": 0.0, "max": 1.02468}, "AckDat": {"min": 0.0, "max": 0.070049}}, "categorical": {"Proto": {"categories": ["tcp"]}, "State": {"categories": ["CON", "ACC", "FIN", "REQ", "RST"]}, "Cause": {"categories": ["Status", "Start"]}, "sTos": {"categories": ["0"]}, "dTos": {"categories": ["0.0", "nan"]}, "sDSb": {"categories": ["cs0"]}, "dDSb": {"categories": ["cs0", "?", "ef"]}}}, "URLLC": {"numeric": {"X": {"min": 342, "max": 728074}, "Seq": {"min": 1, "max": 136995}, "Dur": {"min": 0.0, "max": 4.999956}, "RunTime": {"min": 0.0, "max": 4.999956}, "Mean": {"min": 0.0, "max": 4.999956}, "Sum": {"min": 0.0, "max": 4.999956}, "Min": {"min": 0.0, "max": 4.999956}, "Max": {"min": 0.0, "max": 4.999956}, "sTtl": {"min": 36.0, "max": 255.0}, "dTtl": {"min": 52.0, "max": 255.0}, "sHops": {"min": 0.0, "max": 28.0}, "dHops": {"min": 0.0, "max": 12.0}, "TotPkts": {"min": 1, "max": 389}, "SrcPkts": {"min": 0, "max": 376}, "DstPkts": {"min": 0, "max": 315}, "TotBytes": {"min": 42, "max": 520710}, "SrcBytes": {"min": 0, "max": 517021}, "DstBytes": {"min": 0, "max": 428225}, "Offset": {"min": 844, "max": 39669012}, "sMeanPktSz": {"min": 0.0, "max": 1375.055908}, "dMeanPktSz": {"min": 0.0, "max": 1364.938721}, "Load": {"min": 0.0, "max": 6118857216.0}, "SrcLoad": {"min": 0.0, "max": 120000000.0}, "DstLoad": {"min": 0.0, "max": 6005714432.0}, "Loss": {"min": 0, "max": 3}, "SrcLoss": {"min": 0, "max": 2}, "DstLoss": {"min": 0, "max": 3}, "pLoss": {"min": 0.0, "max": 50.0}, "SrcGap": {"min": 0.0, "max": 0.0}, "DstGap": {"min": 0.0, "max": 0.0}, "Rate": {"min": 0.0, "max": 857142.875}, "SrcRate": {"min": 0.0, "max": 227272.7188}, "DstRate": {"min": 0.0, "max": 571428.5625}, "SrcWin": {"min": 0.0, "max": 33553920.0}, "DstWin": {"min": 0.0, "max": 479232.0}, "sVid": {"min": 610.0, "max": 610.0}, "dVid": {"min": 610.0, "max": 610.0}, "SrcTCPBase": {"min": 5633239.0, "max": 4279165405.0}, "DstTCPBase": {"min": 969047.0, "max": 4282813228.0}, "TcpRtt": {"min": 0.0, "max": 0.146207}, "SynAck": {"min": 0.0, "max": 0.047815}, "AckDat": {"min": 0.0, "max": 0.145322}}, "categorical": {"Proto": {"categories": ["udp", "icmp", "sctp", "tcp", "lldp"]}, "State": {"categories": ["CON", "INT", "REQ", "ECO", "URP", "FIN", "ACC", "RST"]}, "Cause": {"categories": ["Start", "Status", "Shutdown"]}, "sTos": {"categories": ["224.0", "0.0", "40.0", "186.0", "192.0", "16.0", "nan", "136.0"]}, "dTos": {"categories": ["184.0", "nan", "0.0", "186.0", "48.0", "40.0"]}, "sDSb": {"categories": ["cs7", "cs0", "af11", "ef", "cs6", "4", "?", "af41"]}, "dDSb": {"categories": ["ef", "?", "cs0", "af12", "af11"]}}}}